value,none_cost,none_qaly,universal_cost,universal_qaly,dc_cost,dc_qaly,edc_cost,edc_qaly,mc_cost,mc_qaly,optimal
0.01,609.281039691727,1287401.076205015,626.5245740127408,1191646.1443919467,619.1960719263097,992907.7184125006,622.1619598295241,979054.638140653,617.4372314255664,1038001.0894574339,universal
0.014450000000000001,609.281039691727,1287401.076205015,626.4630532345044,1201772.5150616448,619.160697478824,998730.3815475771,622.1160038081814,986619.0370309174,617.4081320974607,1042790.8627842009,universal
0.0189,609.281039691727,1287401.076205015,626.4022105382435,1211787.272880753,619.125712928474,1004488.8672935647,622.0705543140749,994100.0611217917,617.3793535021292,1047527.8432326393,universal
0.02335,609.281039691727,1287401.076205015,626.3420347746734,1221692.2530307323,619.0911118644211,1010184.2308798024,622.0256030186879,1001499.0812938259,617.3508903659606,1052212.8988435792,universal
0.0278,609.281039691727,1287401.076205015,626.2825150376048,1231489.2506793342,619.0568880156065,1015817.5045277486,621.9811417750974,1008817.4385373316,617.3227375303272,1056846.878731368,universal
0.03225,609.281039691727,1287401.076205015,626.2236406573535,1241180.0220652518,619.0230352469622,1021389.6980746513,621.9371626130498,1016056.4447626122,617.2948899484682,1061430.6135969074,universal
0.0367,609.281039691727,1287401.076205015,626.1654011943656,1250766.28554767,618.9895475557443,1026901.7995770414,621.893657734198,1023217.3835839779,617.2673426824751,1065964.916224091,universal
0.041150000000000006,609.281039691727,1287401.076205015,626.1077864330459,1260249.722622044,618.9564190679854,1032354.7758948066,621.8506195074922,1030301.5110785355,617.2400909003707,1070450.58196027,universal
0.04560000000000001,609.281039691727,1287401.076205015,626.0507863757828,1269631.9789033711,618.9236440350592,1037749.5732565701,621.8080404647164,1037310.0565206873,617.2131298732853,1074888.3891813376,universal
0.05005000000000001,609.281039691727,1287401.076205015,625.9943912371664,1278914.6650781496,618.8912168303547,1043087.1178070677,621.7659132961704,1044244.2230932466,617.18645497272,1079279.0997420081,universal
0.054500000000000014,609.281039691727,1287401.076205015,625.9385914383885,1288099.3578261938,618.8591319460572,1048368.3161371928,621.7242308464831,1051105.1885760357,617.1600616678978,1083623.459411833,universal
0.058950000000000016,609.281039691727,1287401.076205015,625.8833776018165,1297187.6007134065,618.8273839900285,1053594.05579734,621.6829861105638,1057894.1060127837,617.1339455231994,1087922.1982974843,universal
0.06340000000000001,609.281039691727,1287401.076205015,625.8287405457424,1306180.9050565753,618.7959676827858,1058765.2057946622,621.6421722296764,1064612.1043571306,617.1081021956762,1092176.031251803,universal
0.06785000000000001,609.281039691727,1287401.076205015,625.7746712792904,1315080.7507612044,618.764877854576,1063882.6170748242,621.6017824876368,1071260.2890984889,617.0825274326445,1096385.6582700931,universal
0.0723,609.281039691727,1287401.076205015,625.7211609974858,1323888.5871333668,618.7341094425383,1068947.1229888173,621.5618103071287,1077839.7428684935,617.0572170693508,1100551.7648741256,universal
0.07675,609.281039691727,1287401.076205015,625.6682010764746,1332605.8336664988,618.7036574879567,1073959.5397453683,621.5222492461335,1084351.5260287432,617.0321670267127,1104675.0224842967,universal
0.0812,609.281039691727,1287401.076205015,625.6157830688904,1341233.880804049,618.6735171335961,1078920.6668494595,621.483092994468,1090796.6772404935,617.0073733091252,1108756.0887803582,universal
0.08564999999999999,609.281039691727,1287401.076205015,625.5638986993631,1349774.090678831,618.6436836211177,1083831.2875274594,621.444335370431,1097176.2140169558,616.9828320023389,1112795.60805113,universal
0.09009999999999999,609.281039691727,1287401.076205015,625.5125398601618,1358227.7978299113,618.6141522885771,1088692.1691393305,621.4059703175477,1103491.1332588121,616.9585392713967,1116794.211533591,universal
0.09454999999999998,609.281039691727,1287401.076205015,625.4616986069735,1366596.3098978198,618.5849185679936,1093504.0635783777,621.367991901416,1109742.4117735403,616.9344913586385,1120752.5177417118,universal
0.09899999999999998,609.281039691727,1287401.076205015,625.4113671548045,1374880.9082988543,618.5559779829965,1098267.7076589726,621.3303943066458,1115931.0067791133,616.9106845817626,1124671.1327854013,universal
0.10344999999999997,609.281039691727,1287401.076205015,625.3615378740078,1383082.8488791934,618.5273261465384,1102983.8234926676,621.2931718338907,1122057.8563926267,616.8871153319459,1128550.6506799017,universal
0.10789999999999997,609.281039691727,1287401.076205015,625.3122032864272,1391203.3625495336,618.4989587586795,1107653.1188531131,621.256318896968,1128123.8801043704,616.8637800720202,1132391.6536459725,universal
0.11234999999999996,609.281039691727,1287401.076205015,625.2633560616554,1399243.6559009145,618.4708716044357,1112276.2875301575,621.2198300200633,1134129.9792378517,616.8406753347031,1136194.7124011759,universal
0.11679999999999996,609.281039691727,1287401.076205015,625.2149890134035,1407204.9118023876,618.4430605516909,1116854.0096735042,621.1836998350193,1140077.0373962522,616.81779772088,1139960.3864425723,universal
0.12124999999999996,609.281039691727,1287401.076205015,625.1670950959766,1415088.289981139,618.4155215491705,1121386.9521262865,621.1479230787014,1145965.9208957795,616.7951438979371,1143689.2243211216,universal
0.12569999999999995,609.281039691727,1287401.076205015,625.1196674008521,1422894.9275856777,618.3882506244739,1125875.7687488962,621.1124945904432,1151797.47918637,616.772710598143,1147381.7639080684,universal
0.13014999999999996,609.281039691727,1287401.076205015,625.0726991533575,1430625.9397326522,618.3612438821643,1130321.1007334066,621.0774093095648,1157572.5452601595,616.7504946170781,1151038.5326535876,universal
0.13459999999999997,609.281039691727,1287401.076205015,625.0261837094444,1438282.4200378524,618.3344975019145,1134723.5769088967,621.0426622729619,1163291.9360481445,616.7284928121072,1154660.047837947,universal
0.13904999999999998,609.281039691727,1287401.076205015,624.9801145525564,1445865.441131928,618.3080077367036,1139083.81403799,621.0082486127664,1168956.4528054192,616.7067021008992,1158246.816815445,universal
0.1435,609.281039691727,1287401.076205015,624.9344852905833,1453376.0551613371,618.2817709110693,1143402.4171048999,620.9741635540727,1174566.881485387,616.685119459986,1161799.3372513554,universal
0.14795,609.281039691727,1287401.076205015,624.8892896529076,1460815.2942750049,618.2557834194058,1147679.9795952595,620.9404024127286,1180123.9931032974,616.6637419233654,1165318.0973521206,universal
0.1524,609.281039691727,1287401.076205015,624.8445214875286,1468184.1710971843,618.230041724313,1151917.0837680127,620.9069605931909,1185628.5440894652,616.6425665811413,1168803.576089011,universal
0.15685000000000002,609.281039691727,1287401.076205015,624.8001747582737,1475483.679186951,618.2045423549912,1156114.3009196287,620.8738335864372,1191081.2766325218,616.6215905782035,1172256.2434154712,universal
0.16130000000000003,609.281039691727,1287401.076205015,624.7562435420829,1482714.7934847944,618.1792819056814,1160272.1916408879,620.8410169679424,1196482.91901301,616.6008111129452,1175676.5604783506,universal
0.16575000000000004,609.281039691727,1287401.076205015,624.7127220263726,1489878.4707467011,618.1542570341483,1164391.3060664844,620.808506395707,1201834.1859276546,616.5802254360143,1179064.9798232329,universal
0.17020000000000005,609.281039691727,1287401.076205015,624.6696045064728,1496975.6499661626,618.1294644602059,1168472.1841176748,620.776297608342,1207135.7788045923,616.5598308491016,1182421.9455940377,universal
0.17465000000000006,609.281039691727,1287401.076205015,624.6268853831322,1504007.2527844752,618.104900964285,1172515.355738205,620.7443864232066,1212388.3861098716,616.5396247037617,1185747.8937271,universal
0.17910000000000006,609.281039691727,1287401.076205015,624.5845591600959,1510974.1838897255,618.0805633860391,1176521.3411237237,620.7127687345986,1217592.6836454938,616.5196044002653,1189043.2521398833,universal
0.18355000000000007,609.281039691727,1287401.076205015,624.5426204417474,1517877.3314048145,618.0564486229887,1180490.6509449,620.6814405119922,1222749.3348392653,616.4997673864867,1192308.4409145203,universal
0.18800000000000008,609.281039691727,1287401.076205015,624.5010639308159,1524717.5672648726,618.0325536292031,1184423.7865644332,620.6503977983265,1227858.9910267286,616.480111156816,1195543.8724763277,universal
0.1924500000000001,609.281039691727,1287401.076205015,624.4598844261458,1531495.7475844047,618.0088754140179,1188321.2402481637,620.6196367083378,1232922.291725419,616.460633251107,1198749.9517674663,universal
0.1969000000000001,609.281039691727,1287401.076205015,624.4190768205264,1538212.7130144867,617.9854110407865,1192183.4953704618,620.58915342694,1237939.8649016905,616.441331253649,1201927.0764158955,universal
0.2013500000000001,609.281039691727,1287401.076205015,624.3786360985805,1544869.2890903298,617.9621576256674,1196011.0266140706,620.5589442076464,1242912.3272303448,616.4222027921685,1205075.6368997688,universal
0.20580000000000012,609.281039691727,1287401.076205015,624.3385573347092,1551466.2865695057,617.9391123364417,1199804.300164597,620.5290053710345,1247840.2843472897,616.4032455368575,1208196.016707419,universal
0.21025000000000013,609.281039691727,1287401.076205015,624.2988356910931,1558004.5017611426,617.9162723913624,1203563.7738997885,620.4993333032534,1252724.3310954422,616.3844571994271,1211288.5924930633,universal
0.21470000000000014,609.281039691727,1287401.076205015,624.2594664157442,1564484.716846347,617.8936350580366,1207289.897573781,620.4699244545677,1257565.0517640898,616.3658355321871,1214353.7342283654,universal
0.21915000000000015,609.281039691727,1287401.076205015,624.2204448406114,1570907.700190147,617.8711976523356,1210983.1129964658,620.4407753379436,1262363.0203219086,616.3473783271492,1217391.8053499823,universal
0.22360000000000016,609.281039691727,1287401.076205015,624.1817663797358,1577274.206645198,617.8489575373318,1214643.8542081204,620.4118825276694,1267118.8006438317,616.329083415155,1220403.1629032216,universal
0.22805000000000017,609.281039691727,1287401.076205015,624.1434265274527,1583584.977847519,617.8269121222692,1218272.5476494553,620.3832426580141,1271832.946731966,616.3109486650251,1223388.1576819196,universal
0.23250000000000018,609.281039691727,1287401.076205015,624.1054208566438,1589840.7425044924,617.8050588615541,1221869.6123272148,620.3548524219198,1276506.0029307248,616.2929719827326,1226347.1343646678,universal
0.2369500000000002,609.281039691727,1287401.076205015,624.0677450170318,1596042.2166753649,617.7833952537771,1225435.4599754666,620.3267085697295,1281138.5041363665,616.2751513105959,1229280.4316474907,universal
0.2414000000000002,609.281039691727,1287401.076205015,624.03039473352,1602190.1040444786,617.7619188407581,1228970.4952127067,620.2988079079463,1285730.9760010946,616.2574846264949,1232188.3823730815,universal
0.2458500000000002,609.281039691727,1287401.076205015,623.9933658045767,1608285.0961874502,617.7406272066157,1232475.1156949152,620.2711472980257,1290283.9351318942,616.2399699431049,1235071.3136567066,universal
0.2503000000000002,609.281039691727,1287401.076205015,623.9566541006589,1614327.8728305057,617.7195179768629,1235949.7122646724,620.2437236551989,1294797.8892842568,616.2226053071518,1237929.5470088727,universal
0.2547500000000002,609.281039691727,1287401.076205015,623.9202555626762,1620319.1021031851,617.6985888175226,1239394.6690964631,620.216533947326,1299273.3375509481,616.2053887986859,1240763.3984548496,universal
0.2592000000000002,609.281039691727,1287401.076205015,623.8841662004962,1626259.440784599,617.6778374342693,1242810.3638382754,620.1895751937776,1303710.7705459641,616.1883185303747,1243573.1786511582,universal
0.2636500000000002,609.281039691727,1287401.076205015,623.8483820914852,1632149.534543442,617.6572615715879,1246197.1677496107,620.1628444643463,1308110.6705838202,616.1713926468126,1246359.1929990912,universal
0.2681000000000002,609.281039691727,1287401.076205015,623.8128993790878,1637990.0181719423,617.6368590119595,1249555.4458359983,620.1363388781854,1312473.51185431,616.1546093238486,1249121.7417553717,universal
0.27255000000000024,609.281039691727,1287401.076205015,623.7777142714406,1643781.5158139204,617.6166275750624,1252885.5569801359,620.1100556027731,1316799.7605928676,616.1379667679314,1251861.1201400273,universal
0.27700000000000025,609.281039691727,1287401.076205015,623.7428230400219,1649524.6411871354,617.5965651169964,1256187.8540697345,620.0839918529031,1321089.8752466594,616.1214632154704,1254577.618441558,universal
0.28145000000000026,609.281039691727,1287401.076205015,623.7082220183339,1655219.997800085,617.5766695295259,1259462.6841221806,620.0581448897021,1325344.306636532,616.1050969322121,1257271.522119483,universal
0.28590000000000027,609.281039691727,1287401.076205015,623.6739076006193,1660868.1791634152,617.5569387393401,1262710.3884060958,620.0325120196694,1329563.49811494,616.088866212633,1259943.111904339,universal
0.2903500000000003,609.281039691727,1287401.076205015,623.639876240608,1666469.7689961016,617.5373707073335,1265931.3025598896,620.0070905937409,1333747.8857199564,616.0727693793478,1262592.663895199,universal
0.2948000000000003,609.281039691727,1287401.076205015,623.6061244502957,1672025.3414265434,617.5179634279039,1269125.7567073936,619.9818780063777,1337897.8983254968,616.0568047825299,1265220.4496547978,universal
0.2992500000000003,609.281039691727,1287401.076205015,623.5726487987515,1677535.4611887292,617.4987149282662,1272294.0755706509,619.9568716946742,1342013.9577878497,616.0409707993495,1267826.736302312,universal
0.3037000000000003,609.281039691727,1287401.076205015,623.5394459109565,1683000.6838136036,617.479623267784,1275436.5785799534,619.9320691374915,1346096.4790886308,616.0252658334225,1270411.7866038773,universal
0.3081500000000003,609.281039691727,1287401.076205015,623.5065124666681,1688421.5558157726,617.460686537318,1278553.5799812009,619.9074678546078,1350145.870474251,616.0096883142742,1272975.859060903,universal
0.3126000000000003,609.281039691727,1287401.076205015,623.4738451993144,1693798.6148756891,617.4419028585897,1281645.3889406528,619.8830654058949,1354162.5335920085,615.9942366968158,1275519.2079962436,universal
0.31705000000000033,609.281039691727,1287401.076205015,623.4414408949136,1699132.3900174303,617.4232703835593,1284712.3096471538,619.8588593905072,1358146.8636228896,615.9789094608342,1278042.0836382876,universal
0.32150000000000034,609.281039691727,1287401.076205015,623.4092963910196,1704423.401782206,617.4047872938202,1287754.6414119,619.8348474460984,1362099.249411177,615.9637051104921,1280544.7322030268,universal
0.32595000000000035,609.281039691727,1287401.076205015,623.3774085756929,1709672.1623977066,617.3864518000073,1290772.6787658131,619.8110272480493,1366020.0735909564,615.9486221738429,1283027.3959741583,universal
0.33040000000000036,609.281039691727,1287401.076205015,623.3457743864984,1714879.1759434121,617.3682621412204,1293766.7115545934,619.787396508721,1369909.7127095978,615.9336592023539,1285490.3133812773,universal
0.33485000000000037,609.281039691727,1287401.076205015,623.3143908095223,1720044.938511968,617.3502165844592,1296737.025031513,619.7639529767199,1373768.537348309,615.9188147704442,1287933.7190762036,universal
0.3393000000000004,609.281039691727,1287401.076205015,623.2832548784161,1725169.9383667489,617.332313424073,1299683.8999480119,619.7406944361836,1377596.9122398298,615.9040874750308,1290357.8440075153,universal
0.3437500000000004,609.281039691727,1287401.076205015,623.252363673462,1730254.6560957,617.3145509812247,1302607.6126421592,619.7176187060829,1381395.1963833566,615.8894759350876,1292762.9154933095,universal
0.3482000000000004,609.281039691727,1287401.076205015,623.2217143206606,1735299.564761568,617.2969276033637,1305508.4351250327,619.69472363954,1385163.7431567595,615.8749787912125,1295149.1572922643,universal
0.3526500000000004,609.281039691727,1287401.076205015,623.1913039908377,1740305.1300486142,617.2794416637156,1308386.6351650846,619.6720071231628,1388902.9004261836,615.8605947052063,1297516.7896730374,universal
0.3571000000000004,609.281039691727,1287401.076205015,623.1611298987767,1745271.8104059168,617.2620915607806,1311242.476370533,619.649467076393,1392613.010653088,615.8463223596614,1299866.0294820415,edc
0.3615500000000004,609.281039691727,1287401.076205015,623.1311893023653,1750200.0571873342,617.2448757178439,1314076.2182698483,619.6271014508739,1396294.410998807,615.832160457559,1302197.0902096517,edc
0.36600000000000044,609.281039691727,1287401.076205015,623.1014795017666,1755090.3147882416,617.2277925824997,1316888.1163903703,619.6049082298264,1399947.433426685,615.8181077218757,1304510.1820548812,edc
0.37045000000000045,609.281039691727,1287401.076205015,623.0719978386072,1759943.020779113,617.2108406261832,1319678.4223351218,619.5828854274465,1403572.4048018663,615.8041628952012,1306805.5119885635,edc
0.37490000000000046,609.281039691727,1287401.076205015,623.042741695184,1764758.6060360405,617.1940183437147,1322447.3838578546,619.5610310883093,1407169.6469887912,615.7903247393622,1309083.2838150905,edc
0.37935000000000046,609.281039691727,1287401.076205015,623.0137084936894,1769537.4948682652,617.1773242528551,1325195.244936384,619.5393432867926,1410739.476946463,615.7765920350552,1311343.698232732,edc
0.3838000000000005,609.281039691727,1287401.076205015,622.9848956954539,1774280.1051428074,617.16075689387,1327922.245844246,619.5178201265109,1414282.2068215462,615.7629635814898,1313586.9528925912,edc
0.3882500000000005,609.281039691727,1287401.076205015,622.9563008002074,1778986.84840627,617.1443148291032,1330628.6232207366,619.4964597397619,1417798.144039353,615.7494381960382,1315813.2424562087,edc
0.3927000000000005,609.281039691727,1287401.076205015,622.9279213453543,1783658.1300038863,617.1279966425627,1333314.6101393655,619.4752602869864,1421287.5913927713,615.7360147138927,1318022.758651881,edc
0.3971500000000005,609.281039691727,1287401.076205015,622.8997549052675,1788294.3491958857,617.1118009395127,1335980.4361747657,619.4542199562417,1424750.847129195,615.7226919877314,1320215.690329697,edc
0.4016000000000005,609.281039691727,1287401.076205015,622.8717990905965,1792895.899271255,617.095726346077,1338626.3274681026,619.4333369626826,1428188.2050354958,615.7094688873922,1322392.2235153466,edc
0.4060500000000005,609.281039691727,1287401.076205015,622.8440515475933,1797463.1676589493,617.07977150885,1341252.5067910273,619.4126095480589,1431599.954521104,615.6963442995517,1324552.541462726,edc
0.41050000000000053,609.281039691727,1287401.076205015,622.8165099574496,1801996.5360366344,617.0639350945175,1343859.1936081965,619.3920359802217,1434986.3806992343,615.6833171274137,1326696.824705371,edc
0.41495000000000054,609.281039691727,1287401.076205015,622.7891720356528,1806496.3804370095,617.0482157894842,1346446.6041384125,619.3716145526396,1438347.764466315,615.6703862904038,1328825.2511067488,edc
0.41940000000000055,609.281039691727,1287401.076205015,622.7620355313531,1810963.0713517854,617.0326122995117,1349014.9514144084,619.3513435839277,1441684.3825796528,615.6575507238701,1330937.9959094375,edc
0.42385000000000056,609.281039691727,1287401.076205015,622.7350982267462,1815396.9738333693,617.0171233493629,1351564.4453413193,619.3312214173862,1444996.5077333958,615.6448093787909,1333035.2317832268,edc
0.42830000000000057,609.281039691727,1287401.076205015,622.7083579364692,1819798.447594321,617.0017476824537,1354095.2927538657,619.3112464205493,1448284.408632826,615.63216122149,1335117.1288721566,edc
0.4327500000000006,609.281039691727,1287401.076205015,622.681812507009,1824167.8471046316,616.9864840605142,1356607.6974722943,619.2914169847425,1451548.3500670285,615.6196052333554,1337183.8548405336,edc
0.4372000000000006,609.281039691727,1287401.076205015,622.6554598161248,1828505.5216868888,616.9713312632559,1359101.860357093,619.2717315246521,1454788.5929799755,615.6071404105671,1339235.5749179414,edc
0.4416500000000006,609.281039691727,1287401.076205015,622.6292977722825,1832811.8156093718,616.9562880880462,1361577.97936252,619.2521884779019,1458005.3945400696,615.5947657638295,1341272.4519432765,edc
0.4461000000000006,609.281039691727,1287401.076205015,622.6033243141004,1837087.0681771336,616.9413533495915,1364036.249588983,619.2327863046398,1461199.0082081875,615.5824803181094,1343294.646407827,edc
0.4505500000000006,609.281039691727,1287401.076205015,622.577537409809,1841331.6138211202,616.9265258796243,1366476.8633342755,619.2135234871342,1464369.6838042457,615.5702831123797,1345302.3164974332,edc
0.4550000000000006,609.281039691727,1287401.076205015,622.5519350567208,1845545.7821853843,616.9118045265983,1368900.0101437273,619.1943985293772,1467517.6675723507,615.558173199369,1347295.6181337303,edc
0.45945000000000064,609.281039691727,1287401.076205015,622.526515280711,1849729.89821242,616.8971881553928,1371305.8768592728,619.175409956698,1470643.2022445465,615.5461496453165,1349274.7050145175,edc
0.46390000000000065,609.281039691727,1287401.076205015,622.5012761357117,1853884.2822266885,616.8826756470181,1373694.6476674771,619.1565563153833,1473746.527103205,615.5342115297317,1351239.7286532663,edc
0.46835000000000065,609.281039691727,1287401.076205015,622.4762157032134,1858009.2500163645,616.8682658983315,1376066.504146541,619.1378361723072,1476827.8780420935,615.5223579451599,1353190.8384177836,edc
0.47280000000000066,609.281039691727,1287401.076205015,622.4513320917803,1862105.1129133557,616.8539578217576,1378421.625312311,619.1192481145667,1479887.4876261456,615.5105879969522,1355128.1815680605,edc
0.4772500000000007,609.281039691727,1287401.076205015,622.4266234365735,1866172.1778716326,616.8397503450138,1380760.1876633202,619.1007907491273,1482925.585149978,615.4989008030394,1357051.903293325,edc
0.4817000000000007,609.281039691727,1287401.076205015,622.4020878988864,1870210.7475439084,616.8256424108437,1383082.3652248788,619.082462702475,1485942.3966951682,615.4872954937135,1358962.1467483118,edc
0.4861500000000007,609.281039691727,1287401.076205015,622.377723665687,1874221.120356721,616.8116329767539,1385388.3295922456,619.064262620275,1488938.1451863393,615.47577121141,1360859.053088772,edc
0.4906000000000007,609.281039691727,1287401.076205015,622.3535289491717,1878203.5905839386,616.7977210147576,1387678.2499728964,619.0461891670382,1491913.0504460712,615.4643271104983,1362742.761506246,edc
0.4950500000000007,609.281039691727,1287401.076205015,622.3295019863291,1882158.448418747,616.7839055111232,1389952.2932279105,619.0282410257948,1494867.3292486724,615.4529623570737,1364613.40926211,edc
0.4995000000000007,609.281039691727,1287401.076205015,622.3056410385104,1886085.9800441312,616.7701854661274,1392210.623912507,619.010416897774,1497801.1953728346,615.4416761287556,1366471.131720917,edc
0.5039500000000007,609.281039691727,1287401.076205015,622.281944391011,1889986.4677019138,616.7565598938154,1394453.404315732,618.992715502092,1500714.859653198,615.4304676144884,1368316.0623830485,edc
0.5084000000000006,609.281039691727,1287401.076205015,622.2584103526591,1893860.1897603655,616.7430278217629,1396680.7944993416,618.9751355754431,1503608.530030862,615.4193360143477,1370148.3329166959,edc
0.5128500000000006,609.281039691727,1287401.076205015,622.2350372554132,1897707.4207804287,616.7295882908466,1398892.9523358778,618.9576758718005,1506482.4116028491,615.4082805393504,1371968.0731891857,edc
0.5173000000000005,609.281039691727,1287401.076205015,622.2118234539691,1901528.431580588,616.7162403550161,1401090.0335459695,618.9403351621218,1509336.706670568,615.3973004112673,1373775.411297661,edc
0.5217500000000005,609.281039691727,1287401.076205015,622.1887673253726,1905323.4893004221,616.7029830810734,1403272.1917348732,618.9231122340602,1512171.6147872838,615.3863948624413,1375570.4735991424,edc
0.5262000000000004,609.281039691727,1287401.076205015,622.1658672686419,1909092.8574628565,616.689815548453,1405439.5784282743,618.9060058916823,1514987.3328046226,615.3755631356078,1377353.3847399745,edc
0.5306500000000004,609.281039691727,1287401.076205015,622.1431217043967,1912836.7960351694,616.6767368490121,1407592.343107354,618.8890149551912,1517784.0549181409,615.3648044837199,1379124.2676846783,edc
0.5351000000000004,609.281039691727,1287401.076205015,622.1205290744957,1916555.56148875,616.6637460868188,1409730.6332431629,618.872138260655,1520561.9727119654,615.3541181697765,1380883.243744222,edc
0.5395500000000003,609.281039691727,1287401.076205015,622.0980878416796,1920249.406857675,616.6508423779497,1411854.5943302952,618.8553746597414,1523321.2752025523,615.3435034666544,1382630.4326037234,edc
0.5440000000000003,609.281039691727,1287401.076205015,622.0757964892236,1923918.5817960938,616.6380248502876,1413964.3699198852,618.8387230194569,1526062.1488815509,615.3329596569426,1384365.9523495953,edc
0.5484500000000002,609.281039691727,1287401.076205015,622.0536535205955,1927563.3326344774,616.6252926433265,1416060.101651956,618.8221822218917,1528784.7777578232,615.3224860327819,1386089.9194961507,edc
0.5529000000000002,609.281039691727,1287401.076205015,622.0316574591204,1931183.9024347477,616.6126449079783,1418141.9292871114,618.8057511639696,1531489.3433986255,615.312081895704,1387802.4490116786,edc
0.5573500000000001,609.281039691727,1287401.076205015,622.0098068476518,1934780.531044308,616.6000808063839,1420209.9907376089,618.7894287572029,1534176.0249699673,615.3017465564795,1389503.6543440006,edc
0.5618000000000001,609.281039691727,1287401.076205015,621.9881002482522,1938353.4551490117,616.5875995117291,1422264.4220978126,618.7732139274514,1536844.99927618,615.2914793349636,1391193.647445525,edc
0.56625,609.281039691727,1287401.076205015,621.9665362418747,1941902.908325079,616.5752002080618,1424305.3576740518,618.757105614687,1539496.4407987026,615.2812795599466,1392872.5387978056,edc
0.5707,609.281039691727,1287401.076205015,621.9451134280548,1945429.1210900028,616.5628820901155,1426332.9300138832,618.7411027727638,1542130.5217341017,615.27114656901,1394540.4374356142,edc
0.5751499999999999,609.281039691727,1287401.076205015,621.9238304246093,1948932.3209524532,616.5506443631343,1428347.2699347914,618.72520436919,1544747.4120313516,615.2610797083802,1396197.4509705533,edc
0.5795999999999999,609.281039691727,1287401.076205015,621.9026858673354,1952412.732461206,616.5384862427017,1430348.5065523249,618.7094093849064,1547347.2794283896,615.2510783327897,1397843.6856141933,edc
0.5840499999999998,609.281039691727,1287401.076205015,621.8816784097222,1955870.5772531237,616.5264069545742,1432336.7673076773,618.6937168140693,1549930.289487952,615.2411418053387,1399479.2462007701,edc
0.5884999999999998,609.281039691727,1287401.076205015,621.8608067226631,1959306.0741002036,616.5144057345152,1434312.177994748,618.6781256638362,1552496.605632721,615.2312694973598,1401104.236209439,edc
0.5929499999999998,609.281039691727,1287401.076205015,621.8400694941768,1962719.4389557207,616.5024818281356,1436274.8627866707,618.6626349541569,1555046.3891797925,615.2214607882855,1402718.7577860986,edc
0.5973999999999997,609.281039691727,1287401.076205015,621.8194654291307,1966110.8849994736,616.490634490734,1438224.9442618291,618.6472437175677,1557579.7993744756,615.211715065519,1404322.9117647943,edc
0.6018499999999997,609.281039691727,1287401.076205015,621.7989932489733,1969480.62268217,616.4788629871435,1440162.5434293787,618.6319509989899,1560096.9934234496,615.2020317243044,1405916.797688709,edc
0.6062999999999996,609.281039691727,1287401.076205015,621.7786516914679,1972828.8597689571,616.4671665915778,1442087.7797542822,618.6167558555333,1562598.1265272798,615.1924101676044,1407500.5138307596,edc
0.6107499999999996,609.281039691727,1287401.076205015,621.7584395104342,1976155.8013821275,616.4555445874835,1444000.7711818544,618.6016573563011,1565083.3519123176,615.1828498059755,1409074.157213789,edc
0.6151999999999995,609.281039691727,1287401.076205015,621.7383554754939,1979461.6500430002,616.4439962673928,1445901.6341618565,618.5866545822008,1567552.8208619896,615.1733500574488,1410637.8236303814,edc
0.6196499999999995,609.281039691727,1287401.076205015,621.7183983718204,1982746.605713026,616.4325209327806,1447790.4836721208,618.5717466257565,1570006.6827474993,615.163910347411,1412191.607662304,edc
0.6240999999999994,609.281039691727,1287401.076205015,621.698566999894,1986010.8658340995,616.421117893923,1449667.4332417387,618.5569325909277,1572445.0850579413,615.1545301084899,1413735.602699572,edc
0.6285499999999994,609.281039691727,1287401.076205015,621.6788601752622,1989254.6253681208,616.4097864697598,1451532.594973801,618.5422115929275,1574868.1734298544,615.145208780439,1415269.9009591641,edc
0.6329999999999993,609.281039691727,1287401.076205015,621.659276728303,1992478.07683581,616.3985259877581,1453386.079567722,618.5275827580492,1577276.0916762191,615.1359458100274,1416794.5935033811,edc
0.6374499999999993,609.281039691727,1287401.076205015,621.6398155039941,1995681.410354798,616.3873357837805,1455227.9963411398,618.5130452234902,1579668.9818149027,615.1267406509292,1418309.7702578625,edc
0.6418999999999992,609.281039691727,1287401.076205015,621.6204753616853,1998864.8136770024,616.3762152019528,1457058.4532514082,618.4985981371858,1582046.98409659,615.1175927636173,1419815.5200292657,edc
0.6463499999999992,609.281039691727,1287401.076205015,621.6012551748765,2002028.4722253145,616.3651635945379,1458877.5569166872,618.4842406576394,1584410.237032179,615.1085016152567,1421311.930522617,edc
0.6507999999999992,609.281039691727,1287401.076205015,621.5821538309981,2005172.5691295976,616.3541803218078,1460685.4126366498,618.4699719537624,1586758.8774196778,615.0994666796022,1422799.0883583426,edc
0.6552499999999991,609.281039691727,1287401.076205015,621.5631702311968,2008297.2852620243,616.3432647519219,1462482.1244127953,618.4557912047109,1589093.0403706005,615.0904874368961,1424277.0790889799,edc
0.6596999999999991,609.281039691727,1287401.076205015,621.5443032901244,2011402.7992717624,616.3324162608054,1464267.7949683946,618.4416975997297,1591412.8593358751,615.0815633737689,1425745.9872155865,edc
0.664149999999999,609.281039691727,1287401.076205015,621.5255519357314,2014489.287619024,616.3216342320296,1466042.52576807,618.427690337998,1593718.46613128,615.072693983141,1427205.8962038413,edc
0.668599999999999,609.281039691727,1287401.076205015,621.5069151090642,2017556.924608486,616.3109180566959,1467806.4170370114,618.4137686284778,1596009.990962408,615.0638787641274,1428656.8884998572,edc
0.6730499999999989,609.281039691727,1287401.076205015,621.4883917640651,2020605.8824221066,616.3002671333213,1469559.5677798423,618.3999316897635,1598287.5624491824,615.055117221943,1430099.0455456993,edc
0.6774999999999989,609.281039691727,1287401.076205015,621.4699808673768,2023636.3311513376,616.2896808677256,1471302.0757991506,618.3861787499374,1600551.3076499177,615.0464088678093,1431532.447794625,edc
0.6819499999999988,609.281039691727,1287401.076205015,621.4516813981502,2026648.4388287566,616.2791586729202,1473034.0377136664,618.3725090464251,1602801.3520849496,615.0377532188652,1432957.1747260448,edc
0.6863999999999988,609.281039691727,1287401.076205015,621.4334923478561,2029642.371459127,616.2686999690013,1474755.5489761292,618.3589218258553,1605037.8197598367,615.0291497980759,1434373.3048602103,edc
0.6908499999999987,609.281039691727,1287401.076205015,621.4154127200994,2032618.2930498924,616.2583041830411,1476466.7038908193,618.345416343921,1607260.833188139,615.0205981341473,1435780.915772642,edc
0.6952999999999987,609.281039691727,1287401.076205015,621.3974415304374,2035576.3656411287,616.2479707489855,1478167.5956307799,618.3319918652436,1609470.5134137913,615.012097761437,1437180.0841082965,edc
0.6997499999999987,609.281039691727,1287401.076205015,621.3795778062013,2038516.74933495,616.2376991075496,1479858.316254728,618.3186476632393,1611666.9800330764,615.0036482198732,1438570.8855954742,edc
0.7041999999999986,609.281039691727,1287401.076205015,621.3618205863198,2041439.6023244015,616.2274887061179,1481538.956723662,618.3053830199879,1613850.351216197,614.9952490548694,1439953.3950594848,edc
0.7086499999999986,609.281039691727,1287401.076205015,621.3441689211485,2044345.0809218246,616.2173389986443,1483209.606917181,618.2921972261047,1616020.7437284722,614.9868998172433,1441327.6864360662,edc
0.7130999999999985,609.281039691727,1287401.076205015,621.3266218722987,2047233.3395867257,616.2072494455558,1484870.3556494988,618.2790895806139,1618178.2729511524,614.9786000631375,1442693.8327845642,edc
0.7175499999999985,609.281039691727,1287401.076205015,621.3091785124724,2050104.5309531451,616.1972195136555,1486521.29068519,618.2660593908236,1620323.0529018678,614.9703493539394,1444051.90630088,edc
0.7219999999999984,609.281039691727,1287401.076205015,621.2918379252978,2052958.8058565482,616.1872486760302,1488162.4987546466,618.2531059722043,1622455.1962547102,614.9621472562059,1445401.97833019,edc
0.7264499999999984,609.281039691727,1287401.076205015,621.2745992051707,2055796.3133602375,616.1773364119573,1489794.0655692685,618.2402286482695,1624574.8143599667,614.9539933415858,1446744.119379436,edc
0.7308999999999983,609.281039691727,1287401.076205015,621.2574614570948,2058617.200781307,616.1674822068132,1491416.0758363833,618.2274267504566,1626682.0172635051,614.945887186746,1448078.399129601,edc
0.7353499999999983,609.281039691727,1287401.076205015,621.2404237965277,2061421.6137161292,616.1576855519875,1493028.6132739056,618.214699618013,1628776.9137258178,614.9378283732976,1449404.8864477724,edc
0.7397999999999982,609.281039691727,1287401.076205015,621.2234853492293,2064209.6960654159,616.1479459447908,1494631.760624746,618.2020465978809,1630859.6112407346,614.9298164877255,1450723.6493989846,edc
0.7442499999999982,609.281039691727,1287401.076205015,621.2066452511104,2066981.5900588224,616.1382628883724,1496225.5996709545,618.1894670445864,1632930.2160538088,614.9218511213153,1452034.7552578659,edc
0.7486999999999981,609.281039691727,1287401.076205015,621.1899026480886,2069737.4362791392,616.1286358916349,1497810.2112476362,618.1769603201291,1634988.8331803856,614.913931870086,1453338.270520076,edc
0.7531499999999981,609.281039691727,1287401.076205015,621.1732566959416,2072477.373686059,616.1190644691503,1499385.6752566148,618.1645257938751,1637035.5664233551,614.9060583347205,1454634.2609135485,edc
0.757599999999998,609.281039691727,1287401.076205015,621.1567065601655,2075201.5396395305,616.109548141079,1500952.0706798614,618.1521628424504,1639070.5183905975,614.8982301204983,1455922.791409541,edc
0.762049999999998,609.281039691727,1287401.076205015,621.1402514158365,2077910.069922717,616.1000864330899,1502509.4755926935,618.1398708496367,1641093.7905121383,614.8904468372306,1457203.9262334881,edc
0.766499999999998,609.281039691727,1287401.076205015,621.1238904474732,2080603.0987645548,616.090678876281,1504057.96717675,618.1276492062693,1643105.4830569911,614.8827080991948,1458477.7288756773,edc
0.7709499999999979,609.281039691727,1287401.076205015,621.1076228489013,2083280.7588619275,616.0813250071022,1505597.6217327397,618.1154973101361,1645105.6951497288,614.8750135250705,1459744.262101735,edc
0.7753999999999979,609.281039691727,1287401.076205015,621.0914478231227,2085943.1814014637,616.0720243672796,1507128.514692973,618.1034145658796,1647094.5247867631,614.8673627378772,1461003.5879629357,edc
0.7798499999999978,609.281039691727,1287401.076205015,621.0753645821835,2088590.4960809608,616.0627765037395,1508650.7206336842,618.091400384898,1649072.0688523462,614.8597553649128,1462255.7678063372,edc
0.7842999999999978,609.281039691727,1287401.076205015,621.0593723470477,2091222.8311304434,616.0535809685364,1510164.3132871368,618.0794541852516,1651038.42313431,614.8521910376938,1463500.862284743,edc
0.7887499999999977,609.281039691727,1287401.076205015,621.0434703474701,2093840.3133328725,616.0444373187793,1511669.3655535334,618.0675753915667,1652993.6823395244,614.8446693918933,1464738.9313664918,edc
0.7931999999999977,609.281039691727,1287401.076205015,621.0276578218733,2096443.0680444979,616.0353451165608,1513165.949512718,618.0557634349461,1654937.9401091086,614.8371900672861,1465970.0343450906,edc
0.7976499999999976,609.281039691727,1287401.076205015,621.011934017226,2099031.2192148715,616.026303928889,1514654.1364356824,618.0440177528747,1656871.2890333773,614.829752707688,1467194.2298486773,edc
0.8020999999999976,609.281039691727,1287401.076205015,620.9962981889241,2101604.889406522,616.0173133276152,1516133.9967958813,618.0323377891333,1658793.8206665406,614.8223569609011,1468411.575849328,edc
0.8065499999999975,609.281039691727,1287401.076205015,620.9807496006716,2104164.1998143056,616.0083728893701,1517605.6002803568,618.0207229937084,1660705.625541155,614.8150024786578,1469622.1296722095,edc
0.8109999999999975,609.281039691727,1287401.076205015,620.9652875243665,2106709.270284428,615.9994821954945,1519069.0158006772,618.0091728227086,1662606.7931823365,614.8076889165653,1470825.948004577,edc
0.8154499999999975,609.281039691727,1287401.076205015,620.9499112399865,2109240.2193331514,615.9906408319762,1520524.3115036932,617.9976867382767,1664497.4121217323,614.8004159340536,1472023.086904623,edc
0.8198999999999974,609.281039691727,1287401.076205015,620.9346200354775,2111757.164165193,615.9818483893836,1521971.5547821173,617.9862642085085,1666377.569911268,614.7931831943209,1473213.6018101794,edc
0.8243499999999974,609.281039691727,1287401.076205015,620.919413206643,2114260.2206918173,615.9731044628038,1523410.8122849264,617.9749047073693,1668247.3531366568,614.7859903642822,1474397.5475472726,edc
0.8287999999999973,609.281039691727,1287401.076205015,620.9042900570372,2116749.50354863,615.9644086517803,1524842.1499275935,617.9636077146137,1670106.8474306955,614.7788371145186,1475574.9783385452,edc
0.8332499999999973,609.281039691727,1287401.076205015,620.8892498978578,2119225.126113077,615.955760560252,1526265.6329021505,617.9523727157065,1671956.1374863368,614.7717231192266,1476745.9478115286,edc
0.8376999999999972,609.281039691727,1287401.076205015,620.8742920478408,2121687.200521661,615.9471597964924,1527681.325687087,617.941199201744,1673795.3070695493,614.7646480561688,1477910.5090067883,edc
0.8421499999999972,609.281039691727,1287401.076205015,620.8594158331598,2124135.837686871,615.9386059730507,1529089.2920570825,617.9300866693771,1675624.4390319618,614.7576116066247,1479068.7143859332,edc
0.8465999999999971,609.281039691727,1287401.076205015,620.8446205873225,2126571.1473138398,615.9300987066941,1530489.5950925888,617.9190346207366,1677443.6153233072,614.7506134553437,1480220.6158394893,edc
0.8510499999999971,609.281039691727,1287401.076205015,620.8299056510724,2128993.2379167234,615.9216376183506,1531882.2971892478,617.9080425633581,1679252.9170036614,614.7436532904974,1481366.2646946537,edc
0.855499999999997,609.281039691727,1287401.076205015,620.815270372291,2131402.216834826,615.9132223330512,1533267.4600671562,617.8971100101081,1681052.424255483,614.7367308036337,1482505.7117229155,edc
0.859949999999997,609.281039691727,1287401.076205015,620.8007141059,2133798.190248449,615.9048524798764,1534645.1447799897,617.8862364791142,1682842.21639546,614.7298456896308,1483639.0071475594,edc
0.864399999999997,609.281039691727,1287401.076205015,620.786236213769,2136181.2631944995,615.8965276919012,1536015.411723969,617.8754214936923,1684622.3718861602,614.7229976466529,1484766.2006510412,edc
0.8688499999999969,609.281039691727,1287401.076205015,620.7718360646197,2138551.539581835,615.8882476061403,1537378.320646686,617.8646645822779,1686392.9683474994,614.7161863761053,1485887.3413822511,edc
0.8732999999999969,609.281039691727,1287401.076205015,620.757513033936,2140909.122206365,615.8800118634972,1538733.930655791,617.853965278357,1688154.0825680236,614.7094115825919,1487002.4779636536,edc
0.8777499999999968,609.281039691727,1287401.076205015,620.7432665038724,2143254.112765918,615.8718201087106,1540082.3002275343,617.8433231203994,1689905.7905160096,614.7026729738717,1488111.658498322,edc
0.8821999999999968,609.281039691727,1287401.076205015,620.7290958631662,2145586.611874858,615.8636719903045,1541423.4872151744,617.8327376517921,1691648.1673503877,614.6959702608178,1489214.9305768507,edc
0.8866499999999967,609.281039691727,1287401.076205015,620.7150005070496,2147906.71907848,615.8555671605374,1542757.5488572575,617.822208420773,1693381.2874314932,614.6893031573745,1490312.3412841642,edc
0.8910999999999967,609.281039691727,1287401.076205015,620.7009798371635,2150214.532867168,615.847505275353,1544084.541785753,617.8117349803679,1695105.2243316434,614.6826713805185,1491403.9372062138,edc
0.8955499999999966,609.281039691727,1287401.076205015,620.6870332614732,2152510.1506903344,615.8394859943309,1545404.5220340742,617.8013168883273,1696820.050845549,614.6760746502168,1492489.7644365714,edc
